"CODIGO DANE","AÑO","CATEGORÍA DE NACIMIENTOS","SUBCATEGORÍA DE NACIMIENTOS","CANTIDAD DE NACIMIENTOS"
"5,664","2,003",SEXO,Masculino,267
"5,664","2,003",SEXO,Femenino,209
"5,664","2,004",SEXO,Masculino,240
"5,664","2,004",SEXO,Femenino,257
"5,664","2,005",SEXO,Masculino,238
"5,664","2,005",SEXO,Femenino,231
"5,664","2,006",SEXO,Masculino,215
"5,664","2,006",SEXO,Femenino,209
"5,664","2,007",SEXO,Masculino,232
"5,664","2,007",SEXO,Femenino,202
"5,664","2,008",SEXO,Masculino,231
"5,664","2,008",SEXO,Femenino,210
"5,664","2,009",SEXO,Masculino,244
"5,664","2,009",SEXO,Femenino,177
"5,664","2,010",SEXO,Masculino,202
"5,664","2,010",SEXO,Femenino,196
"5,664","2,011",SEXO,Masculino,173
"5,664","2,011",SEXO,Femenino,157
"5,664","2,012",SEXO,Masculino,155
"5,664","2,012",SEXO,Femenino,155
"5,664","2,013",SEXO,Masculino,176
"5,664","2,013",SEXO,Femenino,147
"5,664","2,014",SEXO,Masculino,152
"5,664","2,014",SEXO,Femenino,194
"5,664","2,015",SEXO,Masculino,148
"5,664","2,015",SEXO,Femenino,157
"5,664","2,016",SEXO,Masculino,162
"5,664","2,016",SEXO,Femenino,152
"5,664","2,017",SEXO,Masculino,161
"5,664","2,017",SEXO,Femenino,145
"5,664","2,018",SEXO,Masculino,138
"5,664","2,018",SEXO,Femenino,163
"5,664","2,019",SEXO,Masculino,142
"5,664","2,019",SEXO,Femenino,149
"5,664","2,020",SEXO,Masculino,156
"5,664","2,020",SEXO,Femenino,152
"5,664","2,021",SEXO,Masculino,159
"5,664","2,021",SEXO,Femenino,166
"5,664","2,022",SEXO,Masculino,147
"5,664","2,022",SEXO,Femenino,142
"5,664","2,023",SEXO,Masculino,131
"5,664","2,023",SEXO,Femenino,102
"5,664","2,003",EDAD MADRE,"10 a 14",2
"5,664","2,003",EDAD MADRE,"15 a 19",69
"5,664","2,003",EDAD MADRE,"20 a 24",152
"5,664","2,003",EDAD MADRE,"25 a 29",114
"5,664","2,003",EDAD MADRE,"30 a 34",76
"5,664","2,003",EDAD MADRE,"35 a 39",46
"5,664","2,003",EDAD MADRE,"40 a 44",12
"5,664","2,003",EDAD MADRE,"45 a 49",0
"5,664","2,003",EDAD MADRE,"50 a 54",0
"5,664","2,003",EDAD MADRE,NR,5
"5,664","2,004",EDAD MADRE,"10 a 14",4
"5,664","2,004",EDAD MADRE,"15 a 19",107
"5,664","2,004",EDAD MADRE,"20 a 24",136
"5,664","2,004",EDAD MADRE,"25 a 29",112
"5,664","2,004",EDAD MADRE,"30 a 34",66
"5,664","2,004",EDAD MADRE,"35 a 39",50
"5,664","2,004",EDAD MADRE,"40 a 44",16
"5,664","2,004",EDAD MADRE,"45 a 49",1
"5,664","2,004",EDAD MADRE,"50 a 54",0
"5,664","2,004",EDAD MADRE,NR,5
"5,664","2,005",EDAD MADRE,"10 a 14",2
"5,664","2,005",EDAD MADRE,"15 a 19",71
"5,664","2,005",EDAD MADRE,"20 a 24",141
"5,664","2,005",EDAD MADRE,"25 a 29",117
"5,664","2,005",EDAD MADRE,"30 a 34",56
"5,664","2,005",EDAD MADRE,"35 a 39",58
"5,664","2,005",EDAD MADRE,"40 a 44",17
"5,664","2,005",EDAD MADRE,"45 a 49",1
"5,664","2,005",EDAD MADRE,"50 a 54",1
"5,664","2,005",EDAD MADRE,NR,5
"5,664","2,006",EDAD MADRE,"10 a 14",2
"5,664","2,006",EDAD MADRE,"15 a 19",64
"5,664","2,006",EDAD MADRE,"20 a 24",116
"5,664","2,006",EDAD MADRE,"25 a 29",114
"5,664","2,006",EDAD MADRE,"30 a 34",64
"5,664","2,006",EDAD MADRE,"35 a 39",47
"5,664","2,006",EDAD MADRE,"40 a 44",16
"5,664","2,006",EDAD MADRE,"45 a 49",0
"5,664","2,006",EDAD MADRE,"50 a 54",0
"5,664","2,006",EDAD MADRE,NR,1
"5,664","2,007",EDAD MADRE,"10 a 14",3
"5,664","2,007",EDAD MADRE,"15 a 19",88
"5,664","2,007",EDAD MADRE,"20 a 24",126
"5,664","2,007",EDAD MADRE,"25 a 29",107
"5,664","2,007",EDAD MADRE,"30 a 34",56
"5,664","2,007",EDAD MADRE,"35 a 39",41
"5,664","2,007",EDAD MADRE,"40 a 44",11
"5,664","2,007",EDAD MADRE,"45 a 49",1
"5,664","2,007",EDAD MADRE,"50 a 54",0
"5,664","2,007",EDAD MADRE,NR,1
"5,664","2,008",EDAD MADRE,"10 a 14",3
"5,664","2,008",EDAD MADRE,"15 a 19",108
"5,664","2,008",EDAD MADRE,"20 a 24",130
"5,664","2,008",EDAD MADRE,"25 a 29",98
"5,664","2,008",EDAD MADRE,"30 a 34",48
"5,664","2,008",EDAD MADRE,"35 a 39",30
"5,664","2,008",EDAD MADRE,"40 a 44",16
"5,664","2,008",EDAD MADRE,"45 a 49",4
"5,664","2,008",EDAD MADRE,"50 a 54",0
"5,664","2,008",EDAD MADRE,NR,4
"5,664","2,009",EDAD MADRE,"10 a 14",2
"5,664","2,009",EDAD MADRE,"15 a 19",94
"5,664","2,009",EDAD MADRE,"20 a 24",129
"5,664","2,009",EDAD MADRE,"25 a 29",85
"5,664","2,009",EDAD MADRE,"30 a 34",61
"5,664","2,009",EDAD MADRE,"35 a 39",36
"5,664","2,009",EDAD MADRE,"40 a 44",12
"5,664","2,009",EDAD MADRE,"45 a 49",0
"5,664","2,009",EDAD MADRE,"50 a 54",0
"5,664","2,009",EDAD MADRE,NR,2
"5,664","2,010",EDAD MADRE,"10 a 14",4
"5,664","2,010",EDAD MADRE,"15 a 19",102
"5,664","2,010",EDAD MADRE,"20 a 24",89
"5,664","2,010",EDAD MADRE,"25 a 29",87
"5,664","2,010",EDAD MADRE,"30 a 34",61
"5,664","2,010",EDAD MADRE,"35 a 39",35
"5,664","2,010",EDAD MADRE,"40 a 44",15
"5,664","2,010",EDAD MADRE,"45 a 49",4
"5,664","2,010",EDAD MADRE,"50 a 54",0
"5,664","2,010",EDAD MADRE,NR,1
"5,664","2,011",EDAD MADRE,"10 a 14",6
"5,664","2,011",EDAD MADRE,"15 a 19",83
"5,664","2,011",EDAD MADRE,"20 a 24",93
"5,664","2,011",EDAD MADRE,"25 a 29",66
"5,664","2,011",EDAD MADRE,"30 a 34",48
"5,664","2,011",EDAD MADRE,"35 a 39",24
"5,664","2,011",EDAD MADRE,"40 a 44",8
"5,664","2,011",EDAD MADRE,"45 a 49",2
"5,664","2,011",EDAD MADRE,"50 a 54",0
"5,664","2,011",EDAD MADRE,NR,0
"5,664","2,012",EDAD MADRE,"10 a 14",2
"5,664","2,012",EDAD MADRE,"15 a 19",89
"5,664","2,012",EDAD MADRE,"20 a 24",67
"5,664","2,012",EDAD MADRE,"25 a 29",74
"5,664","2,012",EDAD MADRE,"30 a 34",50
"5,664","2,012",EDAD MADRE,"35 a 39",17
"5,664","2,012",EDAD MADRE,"40 a 44",10
"5,664","2,012",EDAD MADRE,"45 a 49",1
"5,664","2,012",EDAD MADRE,"50 a 54",0
"5,664","2,012",EDAD MADRE,NR,0
"5,664","2,013",EDAD MADRE,"10 a 14",3
"5,664","2,013",EDAD MADRE,"15 a 19",76
"5,664","2,013",EDAD MADRE,"20 a 24",93
"5,664","2,013",EDAD MADRE,"25 a 29",84
"5,664","2,013",EDAD MADRE,"30 a 34",51
"5,664","2,013",EDAD MADRE,"35 a 39",9
"5,664","2,013",EDAD MADRE,"40 a 44",7
"5,664","2,013",EDAD MADRE,"45 a 49",0
"5,664","2,013",EDAD MADRE,"50 a 54",0
"5,664","2,013",EDAD MADRE,NR,0
"5,664","2,014",EDAD MADRE,"10 a 14",1
"5,664","2,014",EDAD MADRE,"15 a 19",74
"5,664","2,014",EDAD MADRE,"20 a 24",94
"5,664","2,014",EDAD MADRE,"25 a 29",90
"5,664","2,014",EDAD MADRE,"30 a 34",44
"5,664","2,014",EDAD MADRE,"35 a 39",33
"5,664","2,014",EDAD MADRE,"40 a 44",10
"5,664","2,014",EDAD MADRE,"45 a 49",0
"5,664","2,014",EDAD MADRE,"50 a 54",0
"5,664","2,014",EDAD MADRE,NR,0
"5,664","2,015",EDAD MADRE,"10 a 14",1
"5,664","2,015",EDAD MADRE,"15 a 19",60
"5,664","2,015",EDAD MADRE,"20 a 24",100
"5,664","2,015",EDAD MADRE,"25 a 29",65
"5,664","2,015",EDAD MADRE,"30 a 34",51
"5,664","2,015",EDAD MADRE,"35 a 39",21
"5,664","2,015",EDAD MADRE,"40 a 44",5
"5,664","2,015",EDAD MADRE,"45 a 49",2
"5,664","2,015",EDAD MADRE,"50 a 54",0
"5,664","2,015",EDAD MADRE,NR,0
"5,664","2,016",EDAD MADRE,"10 a 14",0
"5,664","2,016",EDAD MADRE,"15 a 19",54
"5,664","2,016",EDAD MADRE,"20 a 24",102
"5,664","2,016",EDAD MADRE,"25 a 29",70
"5,664","2,016",EDAD MADRE,"30 a 34",58
"5,664","2,016",EDAD MADRE,"35 a 39",22
"5,664","2,016",EDAD MADRE,"40 a 44",8
"5,664","2,016",EDAD MADRE,"45 a 49",0
"5,664","2,016",EDAD MADRE,"50 a 54",0
"5,664","2,016",EDAD MADRE,NR,0
"5,664","2,017",EDAD MADRE,"10 a 14",0
"5,664","2,017",EDAD MADRE,"15 a 19",71
"5,664","2,017",EDAD MADRE,"20 a 24",100
"5,664","2,017",EDAD MADRE,"25 a 29",59
"5,664","2,017",EDAD MADRE,"30 a 34",38
"5,664","2,017",EDAD MADRE,"35 a 39",28
"5,664","2,017",EDAD MADRE,"40 a 44",9
"5,664","2,017",EDAD MADRE,"45 a 49",1
"5,664","2,017",EDAD MADRE,"50 a 54",0
"5,664","2,017",EDAD MADRE,NR,0
"5,664","2,018",EDAD MADRE,"10 a 14",0
"5,664","2,018",EDAD MADRE,"15 a 19",49
"5,664","2,018",EDAD MADRE,"20 a 24",98
"5,664","2,018",EDAD MADRE,"25 a 29",65
"5,664","2,018",EDAD MADRE,"30 a 34",54
"5,664","2,018",EDAD MADRE,"35 a 39",30
"5,664","2,018",EDAD MADRE,"40 a 44",5
"5,664","2,018",EDAD MADRE,"45 a 49",0
"5,664","2,018",EDAD MADRE,"50 a 54",0
"5,664","2,018",EDAD MADRE,NR,0
"5,664","2,019",EDAD MADRE,"10 a 14",1
"5,664","2,019",EDAD MADRE,"15 a 19",50
"5,664","2,019",EDAD MADRE,"20 a 24",92
"5,664","2,019",EDAD MADRE,"25 a 29",73
"5,664","2,019",EDAD MADRE,"30 a 34",50
"5,664","2,019",EDAD MADRE,"35 a 39",20
"5,664","2,019",EDAD MADRE,"40 a 44",5
"5,664","2,019",EDAD MADRE,"45 a 49",0
"5,664","2,019",EDAD MADRE,"50 a 54",0
"5,664","2,019",EDAD MADRE,NR,0
"5,664","2,020",EDAD MADRE,"10 a 14",2
"5,664","2,020",EDAD MADRE,"15 a 19",54
"5,664","2,020",EDAD MADRE,"20 a 24",97
"5,664","2,020",EDAD MADRE,"25 a 29",74
"5,664","2,020",EDAD MADRE,"30 a 34",51
"5,664","2,020",EDAD MADRE,"35 a 39",24
"5,664","2,020",EDAD MADRE,"40 a 44",6
"5,664","2,020",EDAD MADRE,"45 a 49",0
"5,664","2,020",EDAD MADRE,"50 a 54",0
"5,664","2,020",EDAD MADRE,NR,0
"5,664","2,021",EDAD MADRE,"10 a 14",0
"5,664","2,021",EDAD MADRE,"15 a 19",59
"5,664","2,021",EDAD MADRE,"20 a 24",107
"5,664","2,021",EDAD MADRE,"25 a 29",84
"5,664","2,021",EDAD MADRE,"30 a 34",38
"5,664","2,021",EDAD MADRE,"35 a 39",25
"5,664","2,021",EDAD MADRE,"40 a 44",8
"5,664","2,021",EDAD MADRE,"45 a 49",4
"5,664","2,021",EDAD MADRE,"50 a 54",0
"5,664","2,021",EDAD MADRE,NR,0
"5,664","2,022",EDAD MADRE,"10 a 14",2
"5,664","2,022",EDAD MADRE,"15 a 19",44
"5,664","2,022",EDAD MADRE,"20 a 24",89
"5,664","2,022",EDAD MADRE,"25 a 29",82
"5,664","2,022",EDAD MADRE,"30 a 34",38
"5,664","2,022",EDAD MADRE,"35 a 39",19
"5,664","2,022",EDAD MADRE,"40 a 44",14
"5,664","2,022",EDAD MADRE,"45 a 49",1
"5,664","2,022",EDAD MADRE,"50 a 54",0
"5,664","2,022",EDAD MADRE,NR,0
"5,664","2,023",EDAD MADRE,"10 a 14",0
"5,664","2,023",EDAD MADRE,"15 a 19",31
"5,664","2,023",EDAD MADRE,"20 a 24",74
"5,664","2,023",EDAD MADRE,"25 a 29",63
"5,664","2,023",EDAD MADRE,"30 a 34",43
"5,664","2,023",EDAD MADRE,"35 a 39",13
"5,664","2,023",EDAD MADRE,"40 a 44",9
"5,664","2,023",EDAD MADRE,"45 a 49",0
"5,664","2,023",EDAD MADRE,"50 a 54",0
"5,664","2,023",EDAD MADRE,NR,0
"5,664","2,003",ZONA RESIDENCIA,Urbano,168
"5,664","2,003",ZONA RESIDENCIA,Rural,270
"5,664","2,003",ZONA RESIDENCIA,NR,38
"5,664","2,004",ZONA RESIDENCIA,Urbano,187
"5,664","2,004",ZONA RESIDENCIA,Rural,278
"5,664","2,004",ZONA RESIDENCIA,NR,32
"5,664","2,005",ZONA RESIDENCIA,Urbano,195
"5,664","2,005",ZONA RESIDENCIA,Rural,250
"5,664","2,005",ZONA RESIDENCIA,NR,24
"5,664","2,006",ZONA RESIDENCIA,Urbano,168
"5,664","2,006",ZONA RESIDENCIA,Rural,234
"5,664","2,006",ZONA RESIDENCIA,NR,22
"5,664","2,007",ZONA RESIDENCIA,Urbano,188
"5,664","2,007",ZONA RESIDENCIA,Rural,211
"5,664","2,007",ZONA RESIDENCIA,NR,35
"5,664","2,008",ZONA RESIDENCIA,Urbano,180
"5,664","2,008",ZONA RESIDENCIA,Rural,241
"5,664","2,008",ZONA RESIDENCIA,NR,20
"5,664","2,009",ZONA RESIDENCIA,Urbano,188
"5,664","2,009",ZONA RESIDENCIA,Rural,212
"5,664","2,009",ZONA RESIDENCIA,NR,21
"5,664","2,010",ZONA RESIDENCIA,Urbano,181
"5,664","2,010",ZONA RESIDENCIA,Rural,201
"5,664","2,010",ZONA RESIDENCIA,NR,16
"5,664","2,011",ZONA RESIDENCIA,Urbano,144
"5,664","2,011",ZONA RESIDENCIA,Rural,180
"5,664","2,011",ZONA RESIDENCIA,NR,6
"5,664","2,012",ZONA RESIDENCIA,Urbano,131
"5,664","2,012",ZONA RESIDENCIA,Rural,178
"5,664","2,012",ZONA RESIDENCIA,NR,1
"5,664","2,013",ZONA RESIDENCIA,Urbano,146
"5,664","2,013",ZONA RESIDENCIA,Rural,177
"5,664","2,013",ZONA RESIDENCIA,NR,0
"5,664","2,014",ZONA RESIDENCIA,Urbano,169
"5,664","2,014",ZONA RESIDENCIA,Rural,177
"5,664","2,014",ZONA RESIDENCIA,NR,0
"5,664","2,015",ZONA RESIDENCIA,Urbano,137
"5,664","2,015",ZONA RESIDENCIA,Rural,168
"5,664","2,015",ZONA RESIDENCIA,NR,0
"5,664","2,016",ZONA RESIDENCIA,Urbano,146
"5,664","2,016",ZONA RESIDENCIA,Rural,168
"5,664","2,016",ZONA RESIDENCIA,NR,0
"5,664","2,017",ZONA RESIDENCIA,Urbano,124
"5,664","2,017",ZONA RESIDENCIA,Rural,182
"5,664","2,017",ZONA RESIDENCIA,NR,0
"5,664","2,018",ZONA RESIDENCIA,Urbano,151
"5,664","2,018",ZONA RESIDENCIA,Rural,150
"5,664","2,018",ZONA RESIDENCIA,NR,0
"5,664","2,019",ZONA RESIDENCIA,Urbano,147
"5,664","2,019",ZONA RESIDENCIA,Rural,144
"5,664","2,019",ZONA RESIDENCIA,NR,0
"5,664","2,020",ZONA RESIDENCIA,Urbano,149
"5,664","2,020",ZONA RESIDENCIA,Rural,159
"5,664","2,020",ZONA RESIDENCIA,NR,0
"5,664","2,021",ZONA RESIDENCIA,Urbano,155
"5,664","2,021",ZONA RESIDENCIA,Rural,170
"5,664","2,021",ZONA RESIDENCIA,NR,0
"5,664","2,022",ZONA RESIDENCIA,Urbano,142
"5,664","2,022",ZONA RESIDENCIA,Rural,147
"5,664","2,022",ZONA RESIDENCIA,NR,0
"5,664","2,023",ZONA RESIDENCIA,Urbano,89
"5,664","2,023",ZONA RESIDENCIA,Rural,144
"5,664","2,023",ZONA RESIDENCIA,NR,0
"5,664","2,003",RÉGIMEN,Contributivo,187
"5,664","2,003",RÉGIMEN,Subsidiado,119
"5,664","2,003",RÉGIMEN,Vinculado,124
"5,664","2,003",RÉGIMEN,Particular,2
"5,664","2,003",RÉGIMEN,Otro,14
"5,664","2,003",RÉGIMEN,Ignorado,0
"5,664","2,003",RÉGIMEN,Excepción,0
"5,664","2,003",RÉGIMEN,Especial,0
"5,664","2,003",RÉGIMEN,No asegurado,0
"5,664","2,003",RÉGIMEN,NR,30
"5,664","2,004",RÉGIMEN,Contributivo,179
"5,664","2,004",RÉGIMEN,Subsidiado,155
"5,664","2,004",RÉGIMEN,Vinculado,114
"5,664","2,004",RÉGIMEN,Particular,2
"5,664","2,004",RÉGIMEN,Otro,8
"5,664","2,004",RÉGIMEN,Ignorado,2
"5,664","2,004",RÉGIMEN,Excepción,0
"5,664","2,004",RÉGIMEN,Especial,0
"5,664","2,004",RÉGIMEN,No asegurado,0
"5,664","2,004",RÉGIMEN,NR,37
"5,664","2,005",RÉGIMEN,Contributivo,205
"5,664","2,005",RÉGIMEN,Subsidiado,129
"5,664","2,005",RÉGIMEN,Vinculado,108
"5,664","2,005",RÉGIMEN,Particular,5
"5,664","2,005",RÉGIMEN,Otro,0
"5,664","2,005",RÉGIMEN,Ignorado,4
"5,664","2,005",RÉGIMEN,Excepción,0
"5,664","2,005",RÉGIMEN,Especial,0
"5,664","2,005",RÉGIMEN,No asegurado,0
"5,664","2,005",RÉGIMEN,NR,18
"5,664","2,006",RÉGIMEN,Contributivo,175
"5,664","2,006",RÉGIMEN,Subsidiado,128
"5,664","2,006",RÉGIMEN,Vinculado,98
"5,664","2,006",RÉGIMEN,Particular,3
"5,664","2,006",RÉGIMEN,Otro,0
"5,664","2,006",RÉGIMEN,Ignorado,1
"5,664","2,006",RÉGIMEN,Excepción,0
"5,664","2,006",RÉGIMEN,Especial,0
"5,664","2,006",RÉGIMEN,No asegurado,0
"5,664","2,006",RÉGIMEN,NR,19
"5,664","2,007",RÉGIMEN,Contributivo,213
"5,664","2,007",RÉGIMEN,Subsidiado,135
"5,664","2,007",RÉGIMEN,Vinculado,73
"5,664","2,007",RÉGIMEN,Particular,2
"5,664","2,007",RÉGIMEN,Otro,0
"5,664","2,007",RÉGIMEN,Ignorado,0
"5,664","2,007",RÉGIMEN,Excepción,0
"5,664","2,007",RÉGIMEN,Especial,0
"5,664","2,007",RÉGIMEN,No asegurado,0
"5,664","2,007",RÉGIMEN,NR,11
"5,664","2,008",RÉGIMEN,Contributivo,195
"5,664","2,008",RÉGIMEN,Subsidiado,175
"5,664","2,008",RÉGIMEN,Vinculado,0
"5,664","2,008",RÉGIMEN,Particular,0
"5,664","2,008",RÉGIMEN,Otro,0
"5,664","2,008",RÉGIMEN,Ignorado,0
"5,664","2,008",RÉGIMEN,Excepción,2
"5,664","2,008",RÉGIMEN,Especial,0
"5,664","2,008",RÉGIMEN,No asegurado,68
"5,664","2,008",RÉGIMEN,NR,1
"5,664","2,009",RÉGIMEN,Contributivo,183
"5,664","2,009",RÉGIMEN,Subsidiado,194
"5,664","2,009",RÉGIMEN,Vinculado,0
"5,664","2,009",RÉGIMEN,Particular,0
"5,664","2,009",RÉGIMEN,Otro,0
"5,664","2,009",RÉGIMEN,Ignorado,0
"5,664","2,009",RÉGIMEN,Excepción,0
"5,664","2,009",RÉGIMEN,Especial,1
"5,664","2,009",RÉGIMEN,No asegurado,43
"5,664","2,009",RÉGIMEN,NR,0
"5,664","2,010",RÉGIMEN,Contributivo,177
"5,664","2,010",RÉGIMEN,Subsidiado,169
"5,664","2,010",RÉGIMEN,Vinculado,0
"5,664","2,010",RÉGIMEN,Particular,0
"5,664","2,010",RÉGIMEN,Otro,0
"5,664","2,010",RÉGIMEN,Ignorado,0
"5,664","2,010",RÉGIMEN,Excepción,8
"5,664","2,010",RÉGIMEN,Especial,0
"5,664","2,010",RÉGIMEN,No asegurado,40
"5,664","2,010",RÉGIMEN,NR,4
"5,664","2,011",RÉGIMEN,Contributivo,157
"5,664","2,011",RÉGIMEN,Subsidiado,131
"5,664","2,011",RÉGIMEN,Vinculado,0
"5,664","2,011",RÉGIMEN,Particular,0
"5,664","2,011",RÉGIMEN,Otro,0
"5,664","2,011",RÉGIMEN,Ignorado,0
"5,664","2,011",RÉGIMEN,Excepción,3
"5,664","2,011",RÉGIMEN,Especial,3
"5,664","2,011",RÉGIMEN,No asegurado,36
"5,664","2,011",RÉGIMEN,NR,0
"5,664","2,012",RÉGIMEN,Contributivo,152
"5,664","2,012",RÉGIMEN,Subsidiado,140
"5,664","2,012",RÉGIMEN,Vinculado,0
"5,664","2,012",RÉGIMEN,Particular,0
"5,664","2,012",RÉGIMEN,Otro,0
"5,664","2,012",RÉGIMEN,Ignorado,0
"5,664","2,012",RÉGIMEN,Excepción,2
"5,664","2,012",RÉGIMEN,Especial,0
"5,664","2,012",RÉGIMEN,No asegurado,15
"5,664","2,012",RÉGIMEN,NR,1
"5,664","2,013",RÉGIMEN,Contributivo,150
"5,664","2,013",RÉGIMEN,Subsidiado,152
"5,664","2,013",RÉGIMEN,Vinculado,0
"5,664","2,013",RÉGIMEN,Particular,0
"5,664","2,013",RÉGIMEN,Otro,0
"5,664","2,013",RÉGIMEN,Ignorado,0
"5,664","2,013",RÉGIMEN,Excepción,6
"5,664","2,013",RÉGIMEN,Especial,0
"5,664","2,013",RÉGIMEN,No asegurado,15
"5,664","2,013",RÉGIMEN,NR,0
"5,664","2,014",RÉGIMEN,Contributivo,159
"5,664","2,014",RÉGIMEN,Subsidiado,167
"5,664","2,014",RÉGIMEN,Vinculado,0
"5,664","2,014",RÉGIMEN,Particular,0
"5,664","2,014",RÉGIMEN,Otro,0
"5,664","2,014",RÉGIMEN,Ignorado,0
"5,664","2,014",RÉGIMEN,Excepción,7
"5,664","2,014",RÉGIMEN,Especial,1
"5,664","2,014",RÉGIMEN,No asegurado,11
"5,664","2,014",RÉGIMEN,NR,1
"5,664","2,015",RÉGIMEN,Contributivo,156
"5,664","2,015",RÉGIMEN,Subsidiado,137
"5,664","2,015",RÉGIMEN,Vinculado,0
"5,664","2,015",RÉGIMEN,Particular,0
"5,664","2,015",RÉGIMEN,Otro,0
"5,664","2,015",RÉGIMEN,Ignorado,0
"5,664","2,015",RÉGIMEN,Excepción,4
"5,664","2,015",RÉGIMEN,Especial,0
"5,664","2,015",RÉGIMEN,No asegurado,8
"5,664","2,015",RÉGIMEN,NR,0
"5,664","2,016",RÉGIMEN,Contributivo,162
"5,664","2,016",RÉGIMEN,Subsidiado,146
"5,664","2,016",RÉGIMEN,Vinculado,0
"5,664","2,016",RÉGIMEN,Particular,0
"5,664","2,016",RÉGIMEN,Otro,0
"5,664","2,016",RÉGIMEN,Ignorado,0
"5,664","2,016",RÉGIMEN,Excepción,3
"5,664","2,016",RÉGIMEN,Especial,0
"5,664","2,016",RÉGIMEN,No asegurado,3
"5,664","2,016",RÉGIMEN,NR,0
"5,664","2,017",RÉGIMEN,Contributivo,157
"5,664","2,017",RÉGIMEN,Subsidiado,145
"5,664","2,017",RÉGIMEN,Vinculado,0
"5,664","2,017",RÉGIMEN,Particular,0
"5,664","2,017",RÉGIMEN,Otro,0
"5,664","2,017",RÉGIMEN,Ignorado,0
"5,664","2,017",RÉGIMEN,Excepción,2
"5,664","2,017",RÉGIMEN,Especial,0
"5,664","2,017",RÉGIMEN,No asegurado,2
"5,664","2,017",RÉGIMEN,NR,0
"5,664","2,018",RÉGIMEN,Contributivo,156
"5,664","2,018",RÉGIMEN,Subsidiado,137
"5,664","2,018",RÉGIMEN,Vinculado,0
"5,664","2,018",RÉGIMEN,Particular,0
"5,664","2,018",RÉGIMEN,Otro,0
"5,664","2,018",RÉGIMEN,Ignorado,0
"5,664","2,018",RÉGIMEN,Excepción,3
"5,664","2,018",RÉGIMEN,Especial,0
"5,664","2,018",RÉGIMEN,No asegurado,5
"5,664","2,018",RÉGIMEN,NR,0
"5,664","2,019",RÉGIMEN,Contributivo,148
"5,664","2,019",RÉGIMEN,Subsidiado,129
"5,664","2,019",RÉGIMEN,Vinculado,0
"5,664","2,019",RÉGIMEN,Particular,0
"5,664","2,019",RÉGIMEN,Otro,0
"5,664","2,019",RÉGIMEN,Ignorado,0
"5,664","2,019",RÉGIMEN,Excepción,3
"5,664","2,019",RÉGIMEN,Especial,0
"5,664","2,019",RÉGIMEN,No asegurado,11
"5,664","2,019",RÉGIMEN,NR,0
"5,664","2,020",RÉGIMEN,Contributivo,159
"5,664","2,020",RÉGIMEN,Subsidiado,123
"5,664","2,020",RÉGIMEN,Vinculado,0
"5,664","2,020",RÉGIMEN,Particular,0
"5,664","2,020",RÉGIMEN,Otro,0
"5,664","2,020",RÉGIMEN,Ignorado,0
"5,664","2,020",RÉGIMEN,Excepción,3
"5,664","2,020",RÉGIMEN,Especial,0
"5,664","2,020",RÉGIMEN,No asegurado,23
"5,664","2,020",RÉGIMEN,NR,0
"5,664","2,021",RÉGIMEN,Contributivo,164
"5,664","2,021",RÉGIMEN,Subsidiado,136
"5,664","2,021",RÉGIMEN,Vinculado,0
"5,664","2,021",RÉGIMEN,Particular,0
"5,664","2,021",RÉGIMEN,Otro,0
"5,664","2,021",RÉGIMEN,Ignorado,0
"5,664","2,021",RÉGIMEN,Excepción,2
"5,664","2,021",RÉGIMEN,Especial,0
"5,664","2,021",RÉGIMEN,No asegurado,23
"5,664","2,021",RÉGIMEN,NR,0
"5,664","2,022",RÉGIMEN,Contributivo,153
"5,664","2,022",RÉGIMEN,Subsidiado,117
"5,664","2,022",RÉGIMEN,Vinculado,0
"5,664","2,022",RÉGIMEN,Particular,0
"5,664","2,022",RÉGIMEN,Otro,0
"5,664","2,022",RÉGIMEN,Ignorado,0
"5,664","2,022",RÉGIMEN,Excepción,4
"5,664","2,022",RÉGIMEN,Especial,0
"5,664","2,022",RÉGIMEN,No asegurado,15
"5,664","2,022",RÉGIMEN,NR,0
"5,664","2,023",RÉGIMEN,Contributivo,139
"5,664","2,023",RÉGIMEN,Subsidiado,86
"5,664","2,023",RÉGIMEN,Vinculado,0
"5,664","2,023",RÉGIMEN,Particular,0
"5,664","2,023",RÉGIMEN,Otro,0
"5,664","2,023",RÉGIMEN,Ignorado,0
"5,664","2,023",RÉGIMEN,Excepción,1
"5,664","2,023",RÉGIMEN,Especial,0
"5,664","2,023",RÉGIMEN,No asegurado,7
"5,664","2,023",RÉGIMEN,NR,0
"5,664","2,003",PESO AL NACER,<2500,57
"5,664","2,003",PESO AL NACER,>=2500,396
"5,664","2,003",PESO AL NACER,NR,23
"5,664","2,004",PESO AL NACER,<2500,50
"5,664","2,004",PESO AL NACER,>=2500,416
"5,664","2,004",PESO AL NACER,NR,31
"5,664","2,005",PESO AL NACER,<2500,56
"5,664","2,005",PESO AL NACER,>=2500,399
"5,664","2,005",PESO AL NACER,NR,14
"5,664","2,006",PESO AL NACER,<2500,42
"5,664","2,006",PESO AL NACER,>=2500,371
"5,664","2,006",PESO AL NACER,NR,11
"5,664","2,007",PESO AL NACER,<2500,49
"5,664","2,007",PESO AL NACER,>=2500,379
"5,664","2,007",PESO AL NACER,NR,6
"5,664","2,008",PESO AL NACER,<2500,63
"5,664","2,008",PESO AL NACER,>=2500,376
"5,664","2,008",PESO AL NACER,NR,2
"5,664","2,009",PESO AL NACER,<2500,66
"5,664","2,009",PESO AL NACER,>=2500,349
"5,664","2,009",PESO AL NACER,NR,6
"5,664","2,010",PESO AL NACER,<2500,45
"5,664","2,010",PESO AL NACER,>=2500,352
"5,664","2,010",PESO AL NACER,NR,1
"5,664","2,011",PESO AL NACER,<2500,38
"5,664","2,011",PESO AL NACER,>=2500,292
"5,664","2,011",PESO AL NACER,NR,0
"5,664","2,012",PESO AL NACER,<2500,42
"5,664","2,012",PESO AL NACER,>=2500,267
"5,664","2,012",PESO AL NACER,NR,1
"5,664","2,013",PESO AL NACER,<2500,35
"5,664","2,013",PESO AL NACER,>=2500,287
"5,664","2,013",PESO AL NACER,NR,1
"5,664","2,014",PESO AL NACER,<2500,43
"5,664","2,014",PESO AL NACER,>=2500,303
"5,664","2,014",PESO AL NACER,NR,0
"5,664","2,015",PESO AL NACER,<2500,33
"5,664","2,015",PESO AL NACER,>=2500,272
"5,664","2,015",PESO AL NACER,NR,0
"5,664","2,016",PESO AL NACER,<2500,37
"5,664","2,016",PESO AL NACER,>=2500,277
"5,664","2,016",PESO AL NACER,NR,0
"5,664","2,017",PESO AL NACER,<2500,32
"5,664","2,017",PESO AL NACER,>=2500,274
"5,664","2,017",PESO AL NACER,NR,0
"5,664","2,018",PESO AL NACER,<2500,39
"5,664","2,018",PESO AL NACER,>=2500,262
"5,664","2,018",PESO AL NACER,NR,0
"5,664","2,019",PESO AL NACER,<2500,37
"5,664","2,019",PESO AL NACER,>=2500,254
"5,664","2,019",PESO AL NACER,NR,0
"5,664","2,020",PESO AL NACER,<2500,38
"5,664","2,020",PESO AL NACER,>=2500,270
"5,664","2,020",PESO AL NACER,NR,0
"5,664","2,021",PESO AL NACER,<2500,35
"5,664","2,021",PESO AL NACER,>=2500,290
"5,664","2,021",PESO AL NACER,NR,0
"5,664","2,022",PESO AL NACER,<2500,49
"5,664","2,022",PESO AL NACER,>=2500,240
"5,664","2,022",PESO AL NACER,NR,0
"5,664","2,023",PESO AL NACER,<2500,34
"5,664","2,023",PESO AL NACER,>=2500,199
"5,664","2,023",PESO AL NACER,NR,0
"5,664","2,003",SITIO PARTO,Institucion de salud,448
"5,664","2,003",SITIO PARTO,Domicilio,24
"5,664","2,003",SITIO PARTO,Otro,1
"5,664","2,003",SITIO PARTO,NR,3
"5,664","2,004",SITIO PARTO,Institucion de salud,467
"5,664","2,004",SITIO PARTO,Domicilio,27
"5,664","2,004",SITIO PARTO,Otro,1
"5,664","2,004",SITIO PARTO,NR,2
"5,664","2,005",SITIO PARTO,Institucion de salud,451
"5,664","2,005",SITIO PARTO,Domicilio,14
"5,664","2,005",SITIO PARTO,Otro,3
"5,664","2,005",SITIO PARTO,NR,1
"5,664","2,006",SITIO PARTO,Institucion de salud,411
"5,664","2,006",SITIO PARTO,Domicilio,11
"5,664","2,006",SITIO PARTO,Otro,2
"5,664","2,006",SITIO PARTO,NR,0
"5,664","2,007",SITIO PARTO,Institucion de salud,421
"5,664","2,007",SITIO PARTO,Domicilio,7
"5,664","2,007",SITIO PARTO,Otro,6
"5,664","2,007",SITIO PARTO,NR,0
"5,664","2,008",SITIO PARTO,Institucion de salud,436
"5,664","2,008",SITIO PARTO,Domicilio,1
"5,664","2,008",SITIO PARTO,Otro,3
"5,664","2,008",SITIO PARTO,NR,1
"5,664","2,009",SITIO PARTO,Institucion de salud,415
"5,664","2,009",SITIO PARTO,Domicilio,5
"5,664","2,009",SITIO PARTO,Otro,1
"5,664","2,009",SITIO PARTO,NR,0
"5,664","2,010",SITIO PARTO,Institucion de salud,393
"5,664","2,010",SITIO PARTO,Domicilio,3
"5,664","2,010",SITIO PARTO,Otro,2
"5,664","2,010",SITIO PARTO,NR,0
"5,664","2,011",SITIO PARTO,Institucion de salud,327
"5,664","2,011",SITIO PARTO,Domicilio,1
"5,664","2,011",SITIO PARTO,Otro,2
"5,664","2,011",SITIO PARTO,NR,0
"5,664","2,012",SITIO PARTO,Institucion de salud,307
"5,664","2,012",SITIO PARTO,Domicilio,1
"5,664","2,012",SITIO PARTO,Otro,2
"5,664","2,012",SITIO PARTO,NR,0
"5,664","2,013",SITIO PARTO,Institucion de salud,320
"5,664","2,013",SITIO PARTO,Domicilio,2
"5,664","2,013",SITIO PARTO,Otro,1
"5,664","2,013",SITIO PARTO,NR,0
"5,664","2,014",SITIO PARTO,Institucion de salud,343
"5,664","2,014",SITIO PARTO,Domicilio,3
"5,664","2,014",SITIO PARTO,Otro,0
"5,664","2,014",SITIO PARTO,NR,0
"5,664","2,015",SITIO PARTO,Institucion de salud,303
"5,664","2,015",SITIO PARTO,Domicilio,2
"5,664","2,015",SITIO PARTO,Otro,0
"5,664","2,015",SITIO PARTO,NR,0
"5,664","2,016",SITIO PARTO,Institucion de salud,313
"5,664","2,016",SITIO PARTO,Domicilio,0
"5,664","2,016",SITIO PARTO,Otro,1
"5,664","2,016",SITIO PARTO,NR,0
"5,664","2,017",SITIO PARTO,Institucion de salud,303
"5,664","2,017",SITIO PARTO,Domicilio,1
"5,664","2,017",SITIO PARTO,Otro,2
"5,664","2,017",SITIO PARTO,NR,0
"5,664","2,018",SITIO PARTO,Institucion de salud,297
"5,664","2,018",SITIO PARTO,Domicilio,4
"5,664","2,018",SITIO PARTO,Otro,0
"5,664","2,018",SITIO PARTO,NR,0
"5,664","2,019",SITIO PARTO,Institucion de salud,288
"5,664","2,019",SITIO PARTO,Domicilio,0
"5,664","2,019",SITIO PARTO,Otro,3
"5,664","2,019",SITIO PARTO,NR,0
"5,664","2,020",SITIO PARTO,Institucion de salud,304
"5,664","2,020",SITIO PARTO,Domicilio,4
"5,664","2,020",SITIO PARTO,Otro,0
"5,664","2,020",SITIO PARTO,NR,0
"5,664","2,021",SITIO PARTO,Institucion de salud,324
"5,664","2,021",SITIO PARTO,Domicilio,0
"5,664","2,021",SITIO PARTO,Otro,1
"5,664","2,021",SITIO PARTO,NR,0
"5,664","2,022",SITIO PARTO,Institucion de salud,287
"5,664","2,022",SITIO PARTO,Domicilio,1
"5,664","2,022",SITIO PARTO,Otro,1
"5,664","2,022",SITIO PARTO,NR,0
"5,664","2,023",SITIO PARTO,Institucion de salud,232
"5,664","2,023",SITIO PARTO,Domicilio,0
"5,664","2,023",SITIO PARTO,Otro,1
"5,664","2,023",SITIO PARTO,NR,0
"5,664","2,003",# DE CONTROLES DE LA MADRE,"0",13
"5,664","2,003",# DE CONTROLES DE LA MADRE,"1",10
"5,664","2,003",# DE CONTROLES DE LA MADRE,"2",9
"5,664","2,003",# DE CONTROLES DE LA MADRE,"3",28
"5,664","2,003",# DE CONTROLES DE LA MADRE,"4",41
"5,664","2,003",# DE CONTROLES DE LA MADRE,"5",66
"5,664","2,003",# DE CONTROLES DE LA MADRE,"6",100
"5,664","2,003",# DE CONTROLES DE LA MADRE,"7",80
"5,664","2,003",# DE CONTROLES DE LA MADRE,"8",51
"5,664","2,003",# DE CONTROLES DE LA MADRE,"9",17
"5,664","2,003",# DE CONTROLES DE LA MADRE,>=10,3
"5,664","2,003",# DE CONTROLES DE LA MADRE,Sin dato,58
"5,664","2,004",# DE CONTROLES DE LA MADRE,"0",8
"5,664","2,004",# DE CONTROLES DE LA MADRE,"1",14
"5,664","2,004",# DE CONTROLES DE LA MADRE,"2",11
"5,664","2,004",# DE CONTROLES DE LA MADRE,"3",27
"5,664","2,004",# DE CONTROLES DE LA MADRE,"4",38
"5,664","2,004",# DE CONTROLES DE LA MADRE,"5",62
"5,664","2,004",# DE CONTROLES DE LA MADRE,"6",98
"5,664","2,004",# DE CONTROLES DE LA MADRE,"7",90
"5,664","2,004",# DE CONTROLES DE LA MADRE,"8",42
"5,664","2,004",# DE CONTROLES DE LA MADRE,"9",20
"5,664","2,004",# DE CONTROLES DE LA MADRE,>=10,1
"5,664","2,004",# DE CONTROLES DE LA MADRE,Sin dato,86
"5,664","2,005",# DE CONTROLES DE LA MADRE,"0",13
"5,664","2,005",# DE CONTROLES DE LA MADRE,"1",3
"5,664","2,005",# DE CONTROLES DE LA MADRE,"2",11
"5,664","2,005",# DE CONTROLES DE LA MADRE,"3",20
"5,664","2,005",# DE CONTROLES DE LA MADRE,"4",39
"5,664","2,005",# DE CONTROLES DE LA MADRE,"5",65
"5,664","2,005",# DE CONTROLES DE LA MADRE,"6",69
"5,664","2,005",# DE CONTROLES DE LA MADRE,"7",102
"5,664","2,005",# DE CONTROLES DE LA MADRE,"8",55
"5,664","2,005",# DE CONTROLES DE LA MADRE,"9",17
"5,664","2,005",# DE CONTROLES DE LA MADRE,>=10,5
"5,664","2,005",# DE CONTROLES DE LA MADRE,Sin dato,70
"5,664","2,006",# DE CONTROLES DE LA MADRE,"0",4
"5,664","2,006",# DE CONTROLES DE LA MADRE,"1",7
"5,664","2,006",# DE CONTROLES DE LA MADRE,"2",5
"5,664","2,006",# DE CONTROLES DE LA MADRE,"3",14
"5,664","2,006",# DE CONTROLES DE LA MADRE,"4",22
"5,664","2,006",# DE CONTROLES DE LA MADRE,"5",41
"5,664","2,006",# DE CONTROLES DE LA MADRE,"6",86
"5,664","2,006",# DE CONTROLES DE LA MADRE,"7",94
"5,664","2,006",# DE CONTROLES DE LA MADRE,"8",70
"5,664","2,006",# DE CONTROLES DE LA MADRE,"9",40
"5,664","2,006",# DE CONTROLES DE LA MADRE,>=10,3
"5,664","2,006",# DE CONTROLES DE LA MADRE,Sin dato,38
"5,664","2,007",# DE CONTROLES DE LA MADRE,"0",8
"5,664","2,007",# DE CONTROLES DE LA MADRE,"1",3
"5,664","2,007",# DE CONTROLES DE LA MADRE,"2",9
"5,664","2,007",# DE CONTROLES DE LA MADRE,"3",13
"5,664","2,007",# DE CONTROLES DE LA MADRE,"4",22
"5,664","2,007",# DE CONTROLES DE LA MADRE,"5",43
"5,664","2,007",# DE CONTROLES DE LA MADRE,"6",63
"5,664","2,007",# DE CONTROLES DE LA MADRE,"7",115
"5,664","2,007",# DE CONTROLES DE LA MADRE,"8",86
"5,664","2,007",# DE CONTROLES DE LA MADRE,"9",34
"5,664","2,007",# DE CONTROLES DE LA MADRE,>=10,4
"5,664","2,007",# DE CONTROLES DE LA MADRE,Sin dato,34
"5,664","2,008",# DE CONTROLES DE LA MADRE,"0",4
"5,664","2,008",# DE CONTROLES DE LA MADRE,"1",6
"5,664","2,008",# DE CONTROLES DE LA MADRE,"2",8
"5,664","2,008",# DE CONTROLES DE LA MADRE,"3",21
"5,664","2,008",# DE CONTROLES DE LA MADRE,"4",30
"5,664","2,008",# DE CONTROLES DE LA MADRE,"5",55
"5,664","2,008",# DE CONTROLES DE LA MADRE,"6",70
"5,664","2,008",# DE CONTROLES DE LA MADRE,"7",109
"5,664","2,008",# DE CONTROLES DE LA MADRE,"8",85
"5,664","2,008",# DE CONTROLES DE LA MADRE,"9",34
"5,664","2,008",# DE CONTROLES DE LA MADRE,>=10,7
"5,664","2,008",# DE CONTROLES DE LA MADRE,Sin dato,12
"5,664","2,009",# DE CONTROLES DE LA MADRE,"0",12
"5,664","2,009",# DE CONTROLES DE LA MADRE,"1",5
"5,664","2,009",# DE CONTROLES DE LA MADRE,"2",10
"5,664","2,009",# DE CONTROLES DE LA MADRE,"3",14
"5,664","2,009",# DE CONTROLES DE LA MADRE,"4",36
"5,664","2,009",# DE CONTROLES DE LA MADRE,"5",39
"5,664","2,009",# DE CONTROLES DE LA MADRE,"6",84
"5,664","2,009",# DE CONTROLES DE LA MADRE,"7",107
"5,664","2,009",# DE CONTROLES DE LA MADRE,"8",68
"5,664","2,009",# DE CONTROLES DE LA MADRE,"9",28
"5,664","2,009",# DE CONTROLES DE LA MADRE,>=10,5
"5,664","2,009",# DE CONTROLES DE LA MADRE,Sin dato,13
"5,664","2,010",# DE CONTROLES DE LA MADRE,"0",7
"5,664","2,010",# DE CONTROLES DE LA MADRE,"1",5
"5,664","2,010",# DE CONTROLES DE LA MADRE,"2",8
"5,664","2,010",# DE CONTROLES DE LA MADRE,"3",17
"5,664","2,010",# DE CONTROLES DE LA MADRE,"4",20
"5,664","2,010",# DE CONTROLES DE LA MADRE,"5",42
"5,664","2,010",# DE CONTROLES DE LA MADRE,"6",56
"5,664","2,010",# DE CONTROLES DE LA MADRE,"7",105
"5,664","2,010",# DE CONTROLES DE LA MADRE,"8",76
"5,664","2,010",# DE CONTROLES DE LA MADRE,"9",32
"5,664","2,010",# DE CONTROLES DE LA MADRE,>=10,13
"5,664","2,010",# DE CONTROLES DE LA MADRE,Sin dato,17
"5,664","2,011",# DE CONTROLES DE LA MADRE,"0",5
"5,664","2,011",# DE CONTROLES DE LA MADRE,"1",3
"5,664","2,011",# DE CONTROLES DE LA MADRE,"2",5
"5,664","2,011",# DE CONTROLES DE LA MADRE,"3",8
"5,664","2,011",# DE CONTROLES DE LA MADRE,"4",19
"5,664","2,011",# DE CONTROLES DE LA MADRE,"5",47
"5,664","2,011",# DE CONTROLES DE LA MADRE,"6",49
"5,664","2,011",# DE CONTROLES DE LA MADRE,"7",58
"5,664","2,011",# DE CONTROLES DE LA MADRE,"8",79
"5,664","2,011",# DE CONTROLES DE LA MADRE,"9",31
"5,664","2,011",# DE CONTROLES DE LA MADRE,>=10,16
"5,664","2,011",# DE CONTROLES DE LA MADRE,Sin dato,10
"5,664","2,012",# DE CONTROLES DE LA MADRE,"0",5
"5,664","2,012",# DE CONTROLES DE LA MADRE,"1",5
"5,664","2,012",# DE CONTROLES DE LA MADRE,"2",3
"5,664","2,012",# DE CONTROLES DE LA MADRE,"3",8
"5,664","2,012",# DE CONTROLES DE LA MADRE,"4",26
"5,664","2,012",# DE CONTROLES DE LA MADRE,"5",25
"5,664","2,012",# DE CONTROLES DE LA MADRE,"6",48
"5,664","2,012",# DE CONTROLES DE LA MADRE,"7",74
"5,664","2,012",# DE CONTROLES DE LA MADRE,"8",69
"5,664","2,012",# DE CONTROLES DE LA MADRE,"9",34
"5,664","2,012",# DE CONTROLES DE LA MADRE,>=10,6
"5,664","2,012",# DE CONTROLES DE LA MADRE,Sin dato,7
"5,664","2,013",# DE CONTROLES DE LA MADRE,"0",4
"5,664","2,013",# DE CONTROLES DE LA MADRE,"1",2
"5,664","2,013",# DE CONTROLES DE LA MADRE,"2",7
"5,664","2,013",# DE CONTROLES DE LA MADRE,"3",12
"5,664","2,013",# DE CONTROLES DE LA MADRE,"4",10
"5,664","2,013",# DE CONTROLES DE LA MADRE,"5",30
"5,664","2,013",# DE CONTROLES DE LA MADRE,"6",44
"5,664","2,013",# DE CONTROLES DE LA MADRE,"7",72
"5,664","2,013",# DE CONTROLES DE LA MADRE,"8",71
"5,664","2,013",# DE CONTROLES DE LA MADRE,"9",44
"5,664","2,013",# DE CONTROLES DE LA MADRE,>=10,27
"5,664","2,013",# DE CONTROLES DE LA MADRE,Sin dato,0
"5,664","2,014",# DE CONTROLES DE LA MADRE,"0",4
"5,664","2,014",# DE CONTROLES DE LA MADRE,"1",1
"5,664","2,014",# DE CONTROLES DE LA MADRE,"2",7
"5,664","2,014",# DE CONTROLES DE LA MADRE,"3",7
"5,664","2,014",# DE CONTROLES DE LA MADRE,"4",13
"5,664","2,014",# DE CONTROLES DE LA MADRE,"5",33
"5,664","2,014",# DE CONTROLES DE LA MADRE,"6",48
"5,664","2,014",# DE CONTROLES DE LA MADRE,"7",72
"5,664","2,014",# DE CONTROLES DE LA MADRE,"8",92
"5,664","2,014",# DE CONTROLES DE LA MADRE,"9",44
"5,664","2,014",# DE CONTROLES DE LA MADRE,>=10,24
"5,664","2,014",# DE CONTROLES DE LA MADRE,Sin dato,1
"5,664","2,015",# DE CONTROLES DE LA MADRE,"0",4
"5,664","2,015",# DE CONTROLES DE LA MADRE,"1",2
"5,664","2,015",# DE CONTROLES DE LA MADRE,"2",3
"5,664","2,015",# DE CONTROLES DE LA MADRE,"3",7
"5,664","2,015",# DE CONTROLES DE LA MADRE,"4",6
"5,664","2,015",# DE CONTROLES DE LA MADRE,"5",20
"5,664","2,015",# DE CONTROLES DE LA MADRE,"6",34
"5,664","2,015",# DE CONTROLES DE LA MADRE,"7",78
"5,664","2,015",# DE CONTROLES DE LA MADRE,"8",97
"5,664","2,015",# DE CONTROLES DE LA MADRE,"9",37
"5,664","2,015",# DE CONTROLES DE LA MADRE,>=10,17
"5,664","2,015",# DE CONTROLES DE LA MADRE,Sin dato,0
"5,664","2,016",# DE CONTROLES DE LA MADRE,"0",2
"5,664","2,016",# DE CONTROLES DE LA MADRE,"1",3
"5,664","2,016",# DE CONTROLES DE LA MADRE,"2",3
"5,664","2,016",# DE CONTROLES DE LA MADRE,"3",8
"5,664","2,016",# DE CONTROLES DE LA MADRE,"4",16
"5,664","2,016",# DE CONTROLES DE LA MADRE,"5",20
"5,664","2,016",# DE CONTROLES DE LA MADRE,"6",49
"5,664","2,016",# DE CONTROLES DE LA MADRE,"7",83
"5,664","2,016",# DE CONTROLES DE LA MADRE,"8",95
"5,664","2,016",# DE CONTROLES DE LA MADRE,"9",27
"5,664","2,016",# DE CONTROLES DE LA MADRE,>=10,8
"5,664","2,016",# DE CONTROLES DE LA MADRE,Sin dato,0
"5,664","2,017",# DE CONTROLES DE LA MADRE,"0",6
"5,664","2,017",# DE CONTROLES DE LA MADRE,"1",4
"5,664","2,017",# DE CONTROLES DE LA MADRE,"2",6
"5,664","2,017",# DE CONTROLES DE LA MADRE,"3",5
"5,664","2,017",# DE CONTROLES DE LA MADRE,"4",15
"5,664","2,017",# DE CONTROLES DE LA MADRE,"5",31
"5,664","2,017",# DE CONTROLES DE LA MADRE,"6",42
"5,664","2,017",# DE CONTROLES DE LA MADRE,"7",81
"5,664","2,017",# DE CONTROLES DE LA MADRE,"8",80
"5,664","2,017",# DE CONTROLES DE LA MADRE,"9",21
"5,664","2,017",# DE CONTROLES DE LA MADRE,>=10,15
"5,664","2,017",# DE CONTROLES DE LA MADRE,Sin dato,0
"5,664","2,018",# DE CONTROLES DE LA MADRE,"0",5
"5,664","2,018",# DE CONTROLES DE LA MADRE,"1",4
"5,664","2,018",# DE CONTROLES DE LA MADRE,"2",4
"5,664","2,018",# DE CONTROLES DE LA MADRE,"3",8
"5,664","2,018",# DE CONTROLES DE LA MADRE,"4",16
"5,664","2,018",# DE CONTROLES DE LA MADRE,"5",34
"5,664","2,018",# DE CONTROLES DE LA MADRE,"6",48
"5,664","2,018",# DE CONTROLES DE LA MADRE,"7",79
"5,664","2,018",# DE CONTROLES DE LA MADRE,"8",63
"5,664","2,018",# DE CONTROLES DE LA MADRE,"9",21
"5,664","2,018",# DE CONTROLES DE LA MADRE,>=10,19
"5,664","2,018",# DE CONTROLES DE LA MADRE,Sin dato,0
"5,664","2,019",# DE CONTROLES DE LA MADRE,"0",1
"5,664","2,019",# DE CONTROLES DE LA MADRE,"1",2
"5,664","2,019",# DE CONTROLES DE LA MADRE,"2",5
"5,664","2,019",# DE CONTROLES DE LA MADRE,"3",8
"5,664","2,019",# DE CONTROLES DE LA MADRE,"4",23
"5,664","2,019",# DE CONTROLES DE LA MADRE,"5",29
"5,664","2,019",# DE CONTROLES DE LA MADRE,"6",33
"5,664","2,019",# DE CONTROLES DE LA MADRE,"7",83
"5,664","2,019",# DE CONTROLES DE LA MADRE,"8",52
"5,664","2,019",# DE CONTROLES DE LA MADRE,"9",33
"5,664","2,019",# DE CONTROLES DE LA MADRE,>=10,22
"5,664","2,019",# DE CONTROLES DE LA MADRE,Sin dato,0
"5,664","2,020",# DE CONTROLES DE LA MADRE,"0",4
"5,664","2,020",# DE CONTROLES DE LA MADRE,"1",3
"5,664","2,020",# DE CONTROLES DE LA MADRE,"2",3
"5,664","2,020",# DE CONTROLES DE LA MADRE,"3",8
"5,664","2,020",# DE CONTROLES DE LA MADRE,"4",29
"5,664","2,020",# DE CONTROLES DE LA MADRE,"5",37
"5,664","2,020",# DE CONTROLES DE LA MADRE,"6",52
"5,664","2,020",# DE CONTROLES DE LA MADRE,"7",68
"5,664","2,020",# DE CONTROLES DE LA MADRE,"8",68
"5,664","2,020",# DE CONTROLES DE LA MADRE,"9",21
"5,664","2,020",# DE CONTROLES DE LA MADRE,>=10,15
"5,664","2,020",# DE CONTROLES DE LA MADRE,Sin dato,0
"5,664","2,021",# DE CONTROLES DE LA MADRE,"0",3
"5,664","2,021",# DE CONTROLES DE LA MADRE,"1",6
"5,664","2,021",# DE CONTROLES DE LA MADRE,"2",4
"5,664","2,021",# DE CONTROLES DE LA MADRE,"3",5
"5,664","2,021",# DE CONTROLES DE LA MADRE,"4",23
"5,664","2,021",# DE CONTROLES DE LA MADRE,"5",29
"5,664","2,021",# DE CONTROLES DE LA MADRE,"6",38
"5,664","2,021",# DE CONTROLES DE LA MADRE,"7",67
"5,664","2,021",# DE CONTROLES DE LA MADRE,"8",83
"5,664","2,021",# DE CONTROLES DE LA MADRE,"9",48
"5,664","2,021",# DE CONTROLES DE LA MADRE,>=10,19
"5,664","2,021",# DE CONTROLES DE LA MADRE,Sin dato,0
"5,664","2,022",# DE CONTROLES DE LA MADRE,"0",5
"5,664","2,022",# DE CONTROLES DE LA MADRE,"1",2
"5,664","2,022",# DE CONTROLES DE LA MADRE,"2",3
"5,664","2,022",# DE CONTROLES DE LA MADRE,"3",4
"5,664","2,022",# DE CONTROLES DE LA MADRE,"4",9
"5,664","2,022",# DE CONTROLES DE LA MADRE,"5",28
"5,664","2,022",# DE CONTROLES DE LA MADRE,"6",32
"5,664","2,022",# DE CONTROLES DE LA MADRE,"7",70
"5,664","2,022",# DE CONTROLES DE LA MADRE,"8",83
"5,664","2,022",# DE CONTROLES DE LA MADRE,"9",33
"5,664","2,022",# DE CONTROLES DE LA MADRE,>=10,20
"5,664","2,022",# DE CONTROLES DE LA MADRE,Sin dato,0
"5,664","2,023",# DE CONTROLES DE LA MADRE,"0",0
"5,664","2,023",# DE CONTROLES DE LA MADRE,"1",2
"5,664","2,023",# DE CONTROLES DE LA MADRE,"2",2
"5,664","2,023",# DE CONTROLES DE LA MADRE,"3",9
"5,664","2,023",# DE CONTROLES DE LA MADRE,"4",8
"5,664","2,023",# DE CONTROLES DE LA MADRE,"5",14
"5,664","2,023",# DE CONTROLES DE LA MADRE,"6",28
"5,664","2,023",# DE CONTROLES DE LA MADRE,"7",58
"5,664","2,023",# DE CONTROLES DE LA MADRE,"8",63
"5,664","2,023",# DE CONTROLES DE LA MADRE,"9",26
"5,664","2,023",# DE CONTROLES DE LA MADRE,>=10,23
"5,664","2,023",# DE CONTROLES DE LA MADRE,Sin dato,0
"5,664","2,003",NIVEL EDUCATIVO,Preescolar,0
"5,664","2,003",NIVEL EDUCATIVO,Primaria Completa,121
"5,664","2,003",NIVEL EDUCATIVO,Primaria Incompleta,72
"5,664","2,003",NIVEL EDUCATIVO,Secundaria Completa,127
"5,664","2,003",NIVEL EDUCATIVO,Secundaria Incompleta,119
"5,664","2,003",NIVEL EDUCATIVO,Universitaria completa,12
"5,664","2,003",NIVEL EDUCATIVO,Universitaria Incompleta,9
"5,664","2,003",NIVEL EDUCATIVO,Ninguno,3
"5,664","2,003",NIVEL EDUCATIVO,NR,13
"5,664","2,004",NIVEL EDUCATIVO,Preescolar,1
"5,664","2,004",NIVEL EDUCATIVO,Primaria Completa,115
"5,664","2,004",NIVEL EDUCATIVO,Primaria Incompleta,69
"5,664","2,004",NIVEL EDUCATIVO,Secundaria Completa,114
"5,664","2,004",NIVEL EDUCATIVO,Secundaria Incompleta,150
"5,664","2,004",NIVEL EDUCATIVO,Universitaria completa,25
"5,664","2,004",NIVEL EDUCATIVO,Universitaria Incompleta,6
"5,664","2,004",NIVEL EDUCATIVO,Ninguno,4
"5,664","2,004",NIVEL EDUCATIVO,NR,13
"5,664","2,005",NIVEL EDUCATIVO,Preescolar,2
"5,664","2,005",NIVEL EDUCATIVO,Primaria Completa,95
"5,664","2,005",NIVEL EDUCATIVO,Primaria Incompleta,65
"5,664","2,005",NIVEL EDUCATIVO,Secundaria Completa,147
"5,664","2,005",NIVEL EDUCATIVO,Secundaria Incompleta,121
"5,664","2,005",NIVEL EDUCATIVO,Universitaria completa,9
"5,664","2,005",NIVEL EDUCATIVO,Universitaria Incompleta,13
"5,664","2,005",NIVEL EDUCATIVO,Ninguno,6
"5,664","2,005",NIVEL EDUCATIVO,NR,11
"5,664","2,006",NIVEL EDUCATIVO,Preescolar,1
"5,664","2,006",NIVEL EDUCATIVO,Primaria Completa,80
"5,664","2,006",NIVEL EDUCATIVO,Primaria Incompleta,61
"5,664","2,006",NIVEL EDUCATIVO,Secundaria Completa,132
"5,664","2,006",NIVEL EDUCATIVO,Secundaria Incompleta,116
"5,664","2,006",NIVEL EDUCATIVO,Universitaria completa,14
"5,664","2,006",NIVEL EDUCATIVO,Universitaria Incompleta,8
"5,664","2,006",NIVEL EDUCATIVO,Ninguno,0
"5,664","2,006",NIVEL EDUCATIVO,NR,12
"5,664","2,007",NIVEL EDUCATIVO,Preescolar,1
"5,664","2,007",NIVEL EDUCATIVO,Primaria Completa,78
"5,664","2,007",NIVEL EDUCATIVO,Primaria Incompleta,34
"5,664","2,007",NIVEL EDUCATIVO,Secundaria Completa,150
"5,664","2,007",NIVEL EDUCATIVO,Secundaria Incompleta,125
"5,664","2,007",NIVEL EDUCATIVO,Universitaria completa,15
"5,664","2,007",NIVEL EDUCATIVO,Universitaria Incompleta,14
"5,664","2,007",NIVEL EDUCATIVO,Ninguno,4
"5,664","2,007",NIVEL EDUCATIVO,NR,13
"5,664","2,008",NIVEL EDUCATIVO,Preescolar,2
"5,664","2,008",NIVEL EDUCATIVO,Primaria,101
"5,664","2,008",NIVEL EDUCATIVO,Secundartia,148
"5,664","2,008",NIVEL EDUCATIVO,Media Académica o Clásica,147
"5,664","2,008",NIVEL EDUCATIVO,Media Técnica,0
"5,664","2,008",NIVEL EDUCATIVO,Normalista,0
"5,664","2,008",NIVEL EDUCATIVO,Técnica Profesional,11
"5,664","2,008",NIVEL EDUCATIVO,Tecnología,6
"5,664","2,008",NIVEL EDUCATIVO,Profesional,16
"5,664","2,008",NIVEL EDUCATIVO,Posgrado,0
"5,664","2,008",NIVEL EDUCATIVO,Ninguno,3
"5,664","2,008",NIVEL EDUCATIVO,NR,7
"5,664","2,009",NIVEL EDUCATIVO,Preescolar,2
"5,664","2,009",NIVEL EDUCATIVO,Primaria,81
"5,664","2,009",NIVEL EDUCATIVO,Secundartia,150
"5,664","2,009",NIVEL EDUCATIVO,Media Académica o Clásica,112
"5,664","2,009",NIVEL EDUCATIVO,Media Técnica,2
"5,664","2,009",NIVEL EDUCATIVO,Normalista,0
"5,664","2,009",NIVEL EDUCATIVO,Técnica Profesional,8
"5,664","2,009",NIVEL EDUCATIVO,Tecnología,13
"5,664","2,009",NIVEL EDUCATIVO,Profesional,16
"5,664","2,009",NIVEL EDUCATIVO,Posgrado,1
"5,664","2,009",NIVEL EDUCATIVO,Ninguno,5
"5,664","2,009",NIVEL EDUCATIVO,NR,31
"5,664","2,010",NIVEL EDUCATIVO,Preescolar,0
"5,664","2,010",NIVEL EDUCATIVO,Primaria,71
"5,664","2,010",NIVEL EDUCATIVO,Secundartia,140
"5,664","2,010",NIVEL EDUCATIVO,Media Académica o Clásica,97
"5,664","2,010",NIVEL EDUCATIVO,Media Técnica,0
"5,664","2,010",NIVEL EDUCATIVO,Normalista,2
"5,664","2,010",NIVEL EDUCATIVO,Técnica Profesional,11
"5,664","2,010",NIVEL EDUCATIVO,Tecnología,17
"5,664","2,010",NIVEL EDUCATIVO,Profesional,17
"5,664","2,010",NIVEL EDUCATIVO,Posgrado,1
"5,664","2,010",NIVEL EDUCATIVO,Ninguno,3
"5,664","2,010",NIVEL EDUCATIVO,NR,39
"5,664","2,011",NIVEL EDUCATIVO,Preescolar,0
"5,664","2,011",NIVEL EDUCATIVO,Primaria,52
"5,664","2,011",NIVEL EDUCATIVO,Secundartia,105
"5,664","2,011",NIVEL EDUCATIVO,Media Académica o Clásica,115
"5,664","2,011",NIVEL EDUCATIVO,Media Técnica,3
"5,664","2,011",NIVEL EDUCATIVO,Normalista,0
"5,664","2,011",NIVEL EDUCATIVO,Técnica Profesional,5
"5,664","2,011",NIVEL EDUCATIVO,Tecnología,15
"5,664","2,011",NIVEL EDUCATIVO,Profesional,10
"5,664","2,011",NIVEL EDUCATIVO,Posgrado,0
"5,664","2,011",NIVEL EDUCATIVO,Ninguno,0
"5,664","2,011",NIVEL EDUCATIVO,NR,25
"5,664","2,012",NIVEL EDUCATIVO,Preescolar,0
"5,664","2,012",NIVEL EDUCATIVO,Primaria,48
"5,664","2,012",NIVEL EDUCATIVO,Secundartia,82
"5,664","2,012",NIVEL EDUCATIVO,Media Académica o Clásica,123
"5,664","2,012",NIVEL EDUCATIVO,Media Técnica,1
"5,664","2,012",NIVEL EDUCATIVO,Normalista,1
"5,664","2,012",NIVEL EDUCATIVO,Técnica Profesional,12
"5,664","2,012",NIVEL EDUCATIVO,Tecnología,7
"5,664","2,012",NIVEL EDUCATIVO,Profesional,14
"5,664","2,012",NIVEL EDUCATIVO,Posgrado,0
"5,664","2,012",NIVEL EDUCATIVO,Ninguno,3
"5,664","2,012",NIVEL EDUCATIVO,NR,19
"5,664","2,013",NIVEL EDUCATIVO,Preescolar,0
"5,664","2,013",NIVEL EDUCATIVO,Primaria,43
"5,664","2,013",NIVEL EDUCATIVO,Secundartia,96
"5,664","2,013",NIVEL EDUCATIVO,Media Académica o Clásica,126
"5,664","2,013",NIVEL EDUCATIVO,Media Técnica,5
"5,664","2,013",NIVEL EDUCATIVO,Normalista,0
"5,664","2,013",NIVEL EDUCATIVO,Técnica Profesional,17
"5,664","2,013",NIVEL EDUCATIVO,Tecnología,13
"5,664","2,013",NIVEL EDUCATIVO,Profesional,7
"5,664","2,013",NIVEL EDUCATIVO,Posgrado,0
"5,664","2,013",NIVEL EDUCATIVO,Ninguno,1
"5,664","2,013",NIVEL EDUCATIVO,NR,15
"5,664","2,014",NIVEL EDUCATIVO,Preescolar,2
"5,664","2,014",NIVEL EDUCATIVO,Primaria,47
"5,664","2,014",NIVEL EDUCATIVO,Secundartia,87
"5,664","2,014",NIVEL EDUCATIVO,Media Académica o Clásica,133
"5,664","2,014",NIVEL EDUCATIVO,Media Técnica,7
"5,664","2,014",NIVEL EDUCATIVO,Normalista,1
"5,664","2,014",NIVEL EDUCATIVO,Técnica Profesional,22
"5,664","2,014",NIVEL EDUCATIVO,Tecnología,14
"5,664","2,014",NIVEL EDUCATIVO,Profesional,12
"5,664","2,014",NIVEL EDUCATIVO,Posgrado,2
"5,664","2,014",NIVEL EDUCATIVO,Ninguno,2
"5,664","2,014",NIVEL EDUCATIVO,NR,17
"5,664","2,015",NIVEL EDUCATIVO,Preescolar,0
"5,664","2,015",NIVEL EDUCATIVO,Primaria,42
"5,664","2,015",NIVEL EDUCATIVO,Secundartia,69
"5,664","2,015",NIVEL EDUCATIVO,Media Académica o Clásica,124
"5,664","2,015",NIVEL EDUCATIVO,Media Técnica,6
"5,664","2,015",NIVEL EDUCATIVO,Normalista,2
"5,664","2,015",NIVEL EDUCATIVO,Técnica Profesional,24
"5,664","2,015",NIVEL EDUCATIVO,Tecnología,12
"5,664","2,015",NIVEL EDUCATIVO,Profesional,9
"5,664","2,015",NIVEL EDUCATIVO,Posgrado,2
"5,664","2,015",NIVEL EDUCATIVO,Ninguno,1
"5,664","2,015",NIVEL EDUCATIVO,NR,14
"5,664","2,016",NIVEL EDUCATIVO,Preescolar,0
"5,664","2,016",NIVEL EDUCATIVO,Primaria,35
"5,664","2,016",NIVEL EDUCATIVO,Secundartia,95
"5,664","2,016",NIVEL EDUCATIVO,Media Académica o Clásica,112
"5,664","2,016",NIVEL EDUCATIVO,Media Técnica,9
"5,664","2,016",NIVEL EDUCATIVO,Normalista,0
"5,664","2,016",NIVEL EDUCATIVO,Técnica Profesional,22
"5,664","2,016",NIVEL EDUCATIVO,Tecnología,14
"5,664","2,016",NIVEL EDUCATIVO,Profesional,13
"5,664","2,016",NIVEL EDUCATIVO,Posgrado,0
"5,664","2,016",NIVEL EDUCATIVO,Ninguno,3
"5,664","2,016",NIVEL EDUCATIVO,NR,11
"5,664","2,017",NIVEL EDUCATIVO,Preescolar,0
"5,664","2,017",NIVEL EDUCATIVO,Primaria,35
"5,664","2,017",NIVEL EDUCATIVO,Secundartia,72
"5,664","2,017",NIVEL EDUCATIVO,Media Académica o Clásica,129
"5,664","2,017",NIVEL EDUCATIVO,Media Técnica,8
"5,664","2,017",NIVEL EDUCATIVO,Normalista,0
"5,664","2,017",NIVEL EDUCATIVO,Técnica Profesional,30
"5,664","2,017",NIVEL EDUCATIVO,Tecnología,12
"5,664","2,017",NIVEL EDUCATIVO,Profesional,16
"5,664","2,017",NIVEL EDUCATIVO,Posgrado,0
"5,664","2,017",NIVEL EDUCATIVO,Ninguno,0
"5,664","2,017",NIVEL EDUCATIVO,NR,4
"5,664","2,018",NIVEL EDUCATIVO,Preescolar,2
"5,664","2,018",NIVEL EDUCATIVO,Primaria,29
"5,664","2,018",NIVEL EDUCATIVO,Secundartia,71
"5,664","2,018",NIVEL EDUCATIVO,Media Académica o Clásica,124
"5,664","2,018",NIVEL EDUCATIVO,Media Técnica,8
"5,664","2,018",NIVEL EDUCATIVO,Normalista,0
"5,664","2,018",NIVEL EDUCATIVO,Técnica Profesional,31
"5,664","2,018",NIVEL EDUCATIVO,Tecnología,11
"5,664","2,018",NIVEL EDUCATIVO,Profesional,19
"5,664","2,018",NIVEL EDUCATIVO,Posgrado,1
"5,664","2,018",NIVEL EDUCATIVO,Ninguno,1
"5,664","2,018",NIVEL EDUCATIVO,NR,4
"5,664","2,019",NIVEL EDUCATIVO,Preescolar,0
"5,664","2,019",NIVEL EDUCATIVO,Primaria,27
"5,664","2,019",NIVEL EDUCATIVO,Secundartia,70
"5,664","2,019",NIVEL EDUCATIVO,Media Académica o Clásica,108
"5,664","2,019",NIVEL EDUCATIVO,Media Técnica,13
"5,664","2,019",NIVEL EDUCATIVO,Normalista,0
"5,664","2,019",NIVEL EDUCATIVO,Técnica Profesional,37
"5,664","2,019",NIVEL EDUCATIVO,Tecnología,12
"5,664","2,019",NIVEL EDUCATIVO,Profesional,16
"5,664","2,019",NIVEL EDUCATIVO,Posgrado,2
"5,664","2,019",NIVEL EDUCATIVO,Ninguno,0
"5,664","2,019",NIVEL EDUCATIVO,NR,6
"5,664","2,020",NIVEL EDUCATIVO,Preescolar,0
"5,664","2,020",NIVEL EDUCATIVO,Primaria,22
"5,664","2,020",NIVEL EDUCATIVO,Secundartia,63
"5,664","2,020",NIVEL EDUCATIVO,Media Académica o Clásica,121
"5,664","2,020",NIVEL EDUCATIVO,Media Técnica,21
"5,664","2,020",NIVEL EDUCATIVO,Normalista,0
"5,664","2,020",NIVEL EDUCATIVO,Técnica Profesional,40
"5,664","2,020",NIVEL EDUCATIVO,Tecnología,15
"5,664","2,020",NIVEL EDUCATIVO,Profesional,20
"5,664","2,020",NIVEL EDUCATIVO,Posgrado,0
"5,664","2,020",NIVEL EDUCATIVO,Ninguno,0
"5,664","2,020",NIVEL EDUCATIVO,NR,6
"5,664","2,021",NIVEL EDUCATIVO,Preescolar,0
"5,664","2,021",NIVEL EDUCATIVO,Primaria,25
"5,664","2,021",NIVEL EDUCATIVO,Secundartia,60
"5,664","2,021",NIVEL EDUCATIVO,Media Académica o Clásica,149
"5,664","2,021",NIVEL EDUCATIVO,Media Técnica,12
"5,664","2,021",NIVEL EDUCATIVO,Normalista,0
"5,664","2,021",NIVEL EDUCATIVO,Técnica Profesional,37
"5,664","2,021",NIVEL EDUCATIVO,Tecnología,16
"5,664","2,021",NIVEL EDUCATIVO,Profesional,20
"5,664","2,021",NIVEL EDUCATIVO,Posgrado,2
"5,664","2,021",NIVEL EDUCATIVO,Ninguno,2
"5,664","2,021",NIVEL EDUCATIVO,NR,2
"5,664","2,022",NIVEL EDUCATIVO,Preescolar,1
"5,664","2,022",NIVEL EDUCATIVO,Primaria,18
"5,664","2,022",NIVEL EDUCATIVO,Secundartia,59
"5,664","2,022",NIVEL EDUCATIVO,Media Académica o Clásica,114
"5,664","2,022",NIVEL EDUCATIVO,Media Técnica,4
"5,664","2,022",NIVEL EDUCATIVO,Normalista,0
"5,664","2,022",NIVEL EDUCATIVO,Técnica Profesional,46
"5,664","2,022",NIVEL EDUCATIVO,Tecnología,14
"5,664","2,022",NIVEL EDUCATIVO,Profesional,28
"5,664","2,022",NIVEL EDUCATIVO,Posgrado,2
"5,664","2,022",NIVEL EDUCATIVO,Ninguno,1
"5,664","2,022",NIVEL EDUCATIVO,NR,2
"5,664","2,023",NIVEL EDUCATIVO,Preescolar,0
"5,664","2,023",NIVEL EDUCATIVO,Primaria,10
"5,664","2,023",NIVEL EDUCATIVO,Secundartia,51
"5,664","2,023",NIVEL EDUCATIVO,Media Académica o Clásica,81
"5,664","2,023",NIVEL EDUCATIVO,Media Técnica,2
"5,664","2,023",NIVEL EDUCATIVO,Normalista,0
"5,664","2,023",NIVEL EDUCATIVO,Técnica Profesional,50
"5,664","2,023",NIVEL EDUCATIVO,Tecnología,18
"5,664","2,023",NIVEL EDUCATIVO,Profesional,17
"5,664","2,023",NIVEL EDUCATIVO,Posgrado,2
"5,664","2,023",NIVEL EDUCATIVO,Ninguno,1
"5,664","2,023",NIVEL EDUCATIVO,NR,1
